OID,Objective Name,Status,SDID,SD Name
O-000160,1 item,Active,SD-000059,Contextual Instruction
O-000161,1 Location and 1 Item,Active,SD-000200,Go to and bring me
O-000162,1 Location and 2 Items,Active,SD-000200,Go to and bring me
O-000166,1 min - reintro,Active,SD-000473,Tolerance
O-000186,1 second,Active,SD-000473,Tolerance
O-000190,1 second - reintro,Active,SD-000473,Tolerance
O-000207,1 step fine motor,Active,SD-000306,Planned model
O-000219,1.5min,Active,SD-000296,Parent leaves (inside)
O-000220,1.5min Face,Active,SD-000467,Tolerance
O-000221,1/2 full Tub,Active,SD-000274,Missing item
O-000222,1/2m,Active,SD-000281,Move back
O-000231,10 sec,Active,SD-000297,Parents leave (outside)
O-000232,10 second - reintro,Active,SD-000473,Tolerance
O-000242,10 seconds,Active,SD-000473,Tolerance
O-000246,10min,Active,SD-000296,Parent leaves (inside)
O-000247,10s,Active,SD-000495,Visual
O-000248,10sec,Active,SD-000296,Parent leaves (inside)
O-000249,10sec,Active,SD-000225,In Sight
O-000250,10sec Hand/Arm,Active,SD-000467,Tolerance
O-000259,12min,Active,SD-000296,Parent leaves (inside)
O-000263,15 seconds,Active,SD-000473,Tolerance
O-000269,15min,Active,SD-000296,Parent leaves (inside)
O-000270,15s,Active,SD-000495,Visual
O-000271,15sec,Active,SD-000296,Parent leaves (inside)
O-000272,15sec,Active,SD-000225,In Sight
O-000273,15sec  Hand/Arm,Active,SD-000467,Tolerance
O-000286,1min,Active,SD-000296,Parent leaves (inside)
O-000287,1min,Active,SD-000225,In Sight
O-000288,1min Face,Active,SD-000467,Tolerance
O-000289,1min Hand/Arm,Active,SD-000467,Tolerance
O-000290,1s,Active,SD-000495,Visual
O-000291,1sec,Active,SD-000225,In Sight
O-000292,1sec,Active,SD-000293,Out of sight
O-000297,2 items,Active,SD-000059,Contextual Instruction
O-000298,2 Locations and 1 Item,Active,SD-000200,Go to and bring me
O-000299,2 Locations and 2 Items,Active,SD-000200,Go to and bring me
O-000307,2 minutes,Active,SD-000025,Activity
O-000316,2 sec,Active,SD-000297,Parents leave (outside)
O-000322,2 seconds,Active,SD-000473,Tolerance
O-000341,2 step fine motor,Active,SD-000306,Planned model
O-000371,2.5min,Active,SD-000296,Parent leaves (inside)
O-000373,20 sec,Active,SD-000297,Parents leave (outside)
O-000383,20 seconds,Active,SD-000473,Tolerance
O-000386,20 seconds - reintro,Active,SD-000473,Tolerance
O-000387,20min,Active,SD-000296,Parent leaves (inside)
O-000388,20sec,Active,SD-000296,Parent leaves (inside)
O-000389,20sec,Active,SD-000225,In Sight
O-000390,20sec Hand/Arm,Active,SD-000467,Tolerance
O-000400,2m,Active,SD-000507,Walk properly
O-000402,2min,Active,SD-000296,Parent leaves (inside)
O-000403,2min Face,Active,SD-000467,Tolerance
O-000404,2s,Active,SD-000495,Visual
O-000405,2sec,Active,SD-000296,Parent leaves (inside)
O-000406,2sec,Active,SD-000225,In Sight
O-000407,2sec Hand/Arm,Active,SD-000467,Tolerance
O-000411,3 items,Active,SD-000059,Contextual Instruction
O-000424,3 sec,Active,SD-000297,Parents leave (outside)
O-000425,3 second - reintro,Active,SD-000473,Tolerance
O-000430,3 seconds,Active,SD-000493,Visual
O-000431,3 seconds,Active,SD-000459,TA's turn
O-000432,3 seconds,Active,SD-000473,Tolerance
O-000448,3 step fine motor,Active,SD-000306,Planned model
O-000472,30 sec,Active,SD-000297,Parents leave (outside)
O-000485,30 seconds - reintro,Active,SD-000473,Tolerance
O-000487,30sec,Active,SD-000296,Parent leaves (inside)
O-000488,30sec,Active,SD-000225,In Sight
O-000489,30sec Hand/Arm,Active,SD-000467,Tolerance
O-000498,3m,Active,SD-000507,Walk properly
O-000500,3min,Active,SD-000296,Parent leaves (inside)
O-000501,3sec,Active,SD-000225,In Sight
O-000502,3sec Hand/Arm,Active,SD-000467,Tolerance
O-000504,4 items,Active,SD-000059,Contextual Instruction
O-000526,45 seconds - reintro,Active,SD-000473,Tolerance
O-000527,45sec,Active,SD-000296,Parent leaves (inside)
O-000528,45sec,Active,SD-000225,In Sight
O-000529,45sec Hand/Arm,Active,SD-000467,Tolerance
O-000531,4min,Active,SD-000296,Parent leaves (inside)
O-000549,5 sec,Active,SD-000297,Parents leave (outside)
O-000550,5 second - reintro,Active,SD-000473,Tolerance
O-000560,5 seconds,Active,SD-000459,TA's turn
O-000561,5 seconds,Active,SD-000473,Tolerance
O-000574,5m,Active,SD-000507,Walk properly
O-000576,5min,Active,SD-000296,Parent leaves (inside)
O-000577,5s,Active,SD-000495,Visual
O-000578,5sec,Active,SD-000296,Parent leaves (inside)
O-000579,5sec,Active,SD-000225,In Sight
O-000580,5sec Hand/Arm,Active,SD-000467,Tolerance
O-000591,8min,Active,SD-000296,Parent leaves (inside)
O-000629,Across table SR,Active,SD-000422,Sampling
O-000669,Alana,Active,SD-000491,Visual
O-000755,apple,Active,SD-000031,Book w/o model
O-000756,apple,Active,SD-000492,Visual
O-000757,apple,Active,SD-000497,Visual - 2D
O-000877,Baby,Active,SD-000396,Receptive
O-000878,Baby,Active,SD-000155,Expressive
O-000916,Balance beam,Active,SD-000022,Activity
O-000917,Balance on one foot,Active,SD-000022,Activity
O-000936,ball,Active,SD-000497,Visual - 2D
O-000948,balloon,Active,SD-000497,Visual - 2D
O-000964,Banana,Active,SD-000156,Expressive
O-000965,banana,Active,SD-000497,Visual - 2D
O-001022,Bathroom,Active,SD-000469,Tolerance
O-001049,Bear crawl,Active,SD-000022,Activity
O-001066,bed,Active,SD-000492,Visual
O-001094,Bend and pick up item,Active,SD-000022,Activity
O-001122,bike,Active,SD-000497,Visual - 2D
O-001137,bird,Active,SD-000497,Visual - 2D
O-001145,bite,Active,SD-000221,Imitation
O-001153,bite through,Active,SD-000221,Imitation
O-001161,Black,Active,SD-000244,Language exposure
O-001178,block,Active,SD-000492,Visual
O-001212,Blue,Active,SD-000244,Language exposure
O-001213,Blue,Active,SD-000496,Visual
O-001241,boat,Active,SD-000492,Visual
O-001256,book,Active,SD-000497,Visual - 2D
O-001269,Books,Active,SD-000282,Next
O-001304,Boy,Active,SD-000155,Expressive
O-001305,Boy,Active,SD-000396,Receptive
O-001331,Break,Active,SD-000057,Communication opportunity
O-001332,Break exposure,Active,SD-000057,Communication opportunity
O-001337,brother,Active,SD-000491,Visual
O-001343,Brown,Active,SD-000244,Language exposure
O-001362,bubbles,Active,SD-000497,Visual - 2D
O-001363,bubbles,Active,SD-000497,Visual - 2D
O-001462,cake,Active,SD-000492,Visual
O-001492,Car,Active,SD-000244,Language exposure
O-001494,Car,Active,SD-000156,Expressive
O-001495,car,Active,SD-000492,Visual
O-001496,car,Active,SD-000497,Visual - 2D
O-001515,Carrying Full Container,Active,SD-000022,Activity
O-001516,Carrying Item on Tray,Active,SD-000022,Activity
O-001541,cat,Active,SD-000492,Visual
O-001544,cat,Active,SD-000497,Visual - 2D
O-001548,Catch Ball,Active,SD-000022,Activity
O-001554,Categories,Active,SD-000118,Exposure
O-001599,cheese,Active,SD-000031,Book w/o model
O-001611,chew,Active,SD-000221,Imitation
O-001663,Circle,Active,SD-000244,Language exposure
O-001700,Client play on own - 1 minute,Active,SD-000473,Tolerance
O-001701,Client play on own - 2 minutes,Active,SD-000473,Tolerance
O-001702,Client play on own - various time,Active,SD-000473,Tolerance
O-001703,Client playing on own - 30 seconds,Active,SD-000473,Tolerance
O-001704,Client playing on own - 45 seconds,Active,SD-000473,Tolerance
O-001713,Climbing,Active,SD-000022,Activity
O-001779,Colours,Active,SD-000118,Exposure
O-001780,Colours - various,Active,SD-000244,Language exposure
O-001784,Come,Active,SD-000057,Communication opportunity
O-001790,Community,Active,SD-000189,Generalised SD
O-001862,cow,Active,SD-000497,Visual - 2D
O-001865,Crab Walk,Active,SD-000022,Activity
O-001866,Crawl,Active,SD-000022,Activity
O-001870,Crawl - tunnel,Active,SD-000022,Activity
O-001871,Crawl backwards,Active,SD-000022,Activity
O-001977,Dad,Active,SD-000189,Generalised SD
O-001982,daddy,Active,SD-000491,Visual
O-001995,Dangerous vs. safe,Active,SD-000277,Model language
O-002090,Do,Active,SD-000014,Action
O-002091,Do,Active,SD-000423,Say
O-002095,Do vs don't discrim,Active,SD-000014,Action
O-002129,dog,Active,SD-000492,Visual
O-002131,dog,Active,SD-000497,Visual - 2D
O-002142,Don't,Active,SD-000014,Action
O-002143,Don't,Active,SD-000423,Say
O-002155,"Dot, dot, dot",Active,SD-000244,Language exposure
O-002164,Draw (object),Active,SD-000057,Communication opportunity
O-002283,During verbal SD,Active,SD-000493,Visual
O-002313,Eat at dining table,Active,SD-000271,Meal
O-002314,Eat at table,Active,SD-000439,Snack
O-002315,Eat at table - 1 piece,Active,SD-000439,Snack
O-002316,Eat at table - 2 pieces,Active,SD-000439,Snack
O-002317,Eat at table - 3 pieces,Active,SD-000439,Snack
O-002318,Eat at table - 4 pieces,Active,SD-000439,Snack
O-002319,Eat at table - 5 pieces,Active,SD-000439,Snack
O-002358,Egg and Spoon Race,Active,SD-000022,Activity
O-002378,elephant,Active,SD-000497,Visual - 2D
O-002390,Enviroment,Active,SD-000189,Generalised SD
O-002461,exposure,Active,SD-000221,Imitation
O-002727,Fish,Active,SD-000244,Language exposure
O-002729,fish,Active,SD-000497,Visual - 2D
O-002877,Full tub,Active,SD-000274,Missing item
O-003056,Generalised,Active,SD-000199,Go to and Action
O-003089,Generalised,Active,SD-000019,Activity
O-003092,Generalised,Active,SD-000278,Model rule
O-003100,Generalised,Active,SD-000042,Chart
O-003105,generalised,Active,SD-000495,Visual
O-003107,Generalised,Active,SD-000059,Contextual Instruction
O-003127,Generalised food,Active,SD-000057,Communication opportunity
O-003128,Generalised food requests from homepage,Active,SD-000057,Communication opportunity
O-003132,generalised labels,Active,SD-000030,Book w model
O-003133,Generalised requests from homepage,Active,SD-000057,Communication opportunity
O-003136,Generalised Toys,Active,SD-000057,Communication opportunity
O-003163,Girl,Active,SD-000155,Expressive
O-003164,Girl,Active,SD-000396,Receptive
O-003200,Grandma,Active,SD-000491,Visual
O-003210,Grandpa,Active,SD-000491,Visual
O-003230,Green,Active,SD-000244,Language exposure
O-003231,Green,Active,SD-000496,Visual
O-003257,Grey,Active,SD-000244,Language exposure
O-003318,half past - various,Active,SD-000028,Analogue
O-003362,hat,Active,SD-000492,Visual
O-003364,hat,Active,SD-000497,Visual - 2D
O-003425,Her,Active,SD-000397,Receptive
O-003493,His,Active,SD-000397,Receptive
O-003494,His vs. her,Active,SD-000397,Receptive
O-003511,Home Locations,Active,SD-000093,EXPOSURE
O-003512,Homepage,Active,SD-000057,Communication opportunity
O-003515,Hopping on one foot,Active,SD-000022,Activity
O-003516,Hopscotch,Active,SD-000022,Activity
O-003575,House,Active,SD-000244,Language exposure
O-003589,hula hoop,Active,SD-000057,Communication opportunity
O-003656,I like (item),Active,SD-000279,Model sentence
O-003676,I want...,Active,SD-000057,Communication opportunity
O-003738,In room,Active,SD-000274,Missing item
O-003803,Item,Active,SD-000232,Instruction
O-003811,Item + verbal,Active,SD-000232,Instruction
O-003858,Jacket off,Active,SD-000191,Getting dressed
O-003860,Jacket on,Active,SD-000191,Getting dressed
O-003899,Jump continuous,Active,SD-000022,Activity
O-003900,Jump on spot,Active,SD-000022,Activity
O-003901,Jump Over Item,Active,SD-000022,Activity
O-003902,Jump rope,Active,SD-000022,Activity
O-003920,Jumper off,Active,SD-000191,Getting dressed
O-003922,Jumper on,Active,SD-000191,Getting dressed
O-003925,Jumping,Active,SD-000022,Activity
O-003930,Jumping Jacks,Active,SD-000022,Activity
O-003964,Kick ball,Active,SD-000022,Activity
O-003965,Kick Ball into Goals,Active,SD-000022,Activity
O-003980,Kinder,Active,SD-000189,Generalised SD
O-004055,Ladder Jumping,Active,SD-000022,Activity
O-004056,Lady,Active,SD-000155,Expressive
O-004057,Lady,Active,SD-000396,Receptive
O-004135,Line,Active,SD-000244,Language exposure
O-004170,Locations,Active,SD-000093,EXPOSURE
O-004203,Lunchtime,Active,SD-000179,Food presentation
O-004229,Man,Active,SD-000155,Expressive
O-004230,Man,Active,SD-000396,Receptive
O-004361,Mum,Active,SD-000189,Generalised SD
O-004366,mummy,Active,SD-000491,Visual
O-004433,nappy,Active,SD-000492,Visual
O-004441,near face,Active,SD-000221,Imitation
O-004530,Not available,Active,SD-000485,Verbal
O-004531,Not Available,Active,SD-000494,Visual
O-004532,Not Available,Active,SD-000500,Visual and Verbal
O-004571,o'clock - various,Active,SD-000068,Digital
O-004572,o'clock - various,Active,SD-000028,Analogue
O-004582,Obstacle course,Active,SD-000022,Activity
O-004583,Obstacle course (holding hands),Active,SD-000022,Activity
O-004599,Off,Active,SD-000057,Communication opportunity
O-004687,Orange,Active,SD-000244,Language exposure
O-004692,Orange,Active,SD-000496,Visual
O-004725,Out of room,Active,SD-000274,Missing item
O-004801,Pants down,Active,SD-000191,Getting dressed
O-004805,Pants up,Active,SD-000191,Getting dressed
O-004928,Person,Active,SD-000189,Generalised SD
O-004953,pick up,Active,SD-000221,Imitation
O-004979,pig,Active,SD-000492,Visual
O-005032,Plank,Active,SD-000022,Activity
O-005139,Potty,Active,SD-000469,Tolerance
O-005190,Purple,Active,SD-000244,Language exposure
O-005191,Purple,Active,SD-000496,Visual
O-005319,Red,Active,SD-000244,Language exposure
O-005320,Red,Active,SD-000496,Visual
O-005357,Reintro: eat at table,Active,SD-000439,Snack
O-005384,Riding bike,Active,SD-000022,Activity
O-005385,Riding scooter,Active,SD-000022,Activity
O-005417,Rolling,Active,SD-000022,Activity
O-005435,Rubbing hands,Active,SD-000472,Tolerance
O-005519,Say vs. Don't say discrim,Active,SD-000423,Say
O-005536,School,Active,SD-000189,Generalised SD
O-005554,Scribble,Active,SD-000244,Language exposure
O-005612,sheep,Active,SD-000492,Visual
O-005616,Shirt off,Active,SD-000191,Getting dressed
O-005617,Shirt on,Active,SD-000191,Getting dressed
O-005622,shoe,Active,SD-000492,Visual
O-005630,shoes,Active,SD-000497,Visual - 2D
O-005634,Shoes off,Active,SD-000191,Getting dressed
O-005637,Shoes on,Active,SD-000191,Getting dressed
O-005750,Side Step,Active,SD-000022,Activity
O-005761,Single words,Active,SD-000277,Model language
O-005793,Sitting on floor,Active,SD-000022,Activity
O-005799,Skipping,Active,SD-000022,Activity
O-005848,Snake,Active,SD-000244,Language exposure
O-005852,snake,Active,SD-000497,Visual - 2D
O-005872,Soap on hands,Active,SD-000472,Tolerance
O-005875,sock,Active,SD-000497,Visual - 2D
O-005894,Socks off,Active,SD-000191,Getting dressed
O-005896,Socks on,Active,SD-000191,Getting dressed
O-005903,Soft vs. hard,Active,SD-000277,Model language
O-005912,Somersault,Active,SD-000022,Activity
O-005934,Spider,Active,SD-000244,Language exposure
O-005969,Square,Active,SD-000244,Language exposure
O-005972,Squat hold (wall),Active,SD-000022,Activity
O-005993,Stand 1 foot,Active,SD-000022,Activity
O-006002,Star jumps,Active,SD-000022,Activity
O-006003,Start/stop running,Active,SD-000022,Activity
O-006007,Step over item,Active,SD-000022,Activity
O-006011,Stimuli,Active,SD-000189,Generalised SD
O-006032,Stop,Active,SD-000277,Model language
O-006043,strawberry,Active,SD-000031,Book w/o model
O-006085,Sustained,Active,SD-000493,Visual
O-006088,swallow,Active,SD-000221,Imitation
O-006133,t shirt,Active,SD-000497,Visual - 2D
O-006254,Table and chair,Active,SD-000119,Exposure
O-006268,Tap balloon,Active,SD-000022,Activity
O-006336,TH play with client - 1 minute,Active,SD-000473,Tolerance
O-006337,TH play with client - 2 minutes,Active,SD-000473,Tolerance
O-006338,TH play with client - 2 seconds,Active,SD-000473,Tolerance
O-006339,TH play with client - 30 seconds,Active,SD-000473,Tolerance
O-006340,TH play with client - 45 seconds,Active,SD-000473,Tolerance
O-006392,Throw and Catch Ball in Air,Active,SD-000022,Activity
O-006396,Throw ball (1 hand),Active,SD-000022,Activity
O-006397,Throw ball (2 hands),Active,SD-000022,Activity
O-006398,Throw ball (across midline),Active,SD-000022,Activity
O-006399,Throw Ball (into bucket),Active,SD-000022,Activity
O-006400,Throw Ball (to person),Active,SD-000022,Activity
O-006436,to lips,Active,SD-000221,Imitation
O-006457,Toilet - nappy on,Active,SD-000469,Tolerance
O-006458,Toilet - no nappy,Active,SD-000469,Tolerance
O-006459,Toilet - pants on,Active,SD-000469,Tolerance
O-006465,Toilet room,Active,SD-000469,Tolerance
O-006496,touch,Active,SD-000221,Imitation
O-006529,Touch toes,Active,SD-000022,Activity
O-006530,Touch toes - stand,Active,SD-000022,Activity
O-006578,train,Active,SD-000497,Visual - 2D
O-006627,Tree,Active,SD-000244,Language exposure
O-006628,Tree,Active,SD-000156,Expressive
O-006629,tree,Active,SD-000497,Visual - 2D
O-006639,Triangle,Active,SD-000244,Language exposure
O-006734,Uncle,Active,SD-000491,Visual
O-006755,Undies down,Active,SD-000191,Getting dressed
O-006756,Undies on,Active,SD-000191,Getting dressed
O-006768,Up to 1min Face,Active,SD-000467,Tolerance
O-006770,Up to 30sec Face,Active,SD-000467,Tolerance
O-006932,Various,Active,SD-000422,Sampling
O-006933,Various,Active,SD-000268,Matching
O-006935,Various,Active,SD-000252,Mand
O-006937,Various,Active,SD-000115,Exposure
O-006946,Various,Active,SD-000022,Activity
O-006947,Various,Active,SD-000470,Tolerance
O-006952,Various,Active,SD-000459,TA's turn
O-006953,Various,Active,SD-000447,Statement
O-006954,Various,Active,SD-000346,Question
O-006968,Various,Active,SD-000394,Receptive
O-006972,Various,Active,SD-000395,Receptive
O-006975,Various,Active,SD-000059,Contextual Instruction
O-006976,Various,Active,SD-000120,Expressive
O-006979,Various,Active,SD-000282,Next
O-006980,Various,Active,SD-000121,Expressive
O-006983,Various,Active,SD-000071,Draw
O-006997,Various moving actions,Active,SD-000306,Planned model
O-007008,Various still actions,Active,SD-000306,Planned model
O-007009,Various still vs moving actions,Active,SD-000306,Planned model
O-007045,Video,Active,SD-000282,Next
O-007061,Vol 0,Active,SD-000503,Volume
O-007062,Vol 1,Active,SD-000503,Volume
O-007063,Vol 2,Active,SD-000503,Volume
O-007064,Vol 3,Active,SD-000503,Volume
O-007065,Vol 4,Active,SD-000503,Volume
O-007066,Vol 5,Active,SD-000503,Volume
O-007067,Vol 6,Active,SD-000503,Volume
O-007068,Vol 7,Active,SD-000503,Volume
O-007109,Walk backwards,Active,SD-000022,Activity
O-007137,Washing hands sequence,Active,SD-000472,Tolerance
O-007148,water,Active,SD-000497,Visual - 2D
O-007154,Water mat,Active,SD-000057,Communication opportunity
O-007171,Wavy,Active,SD-000244,Language exposure
O-007198,Wet hands,Active,SD-000472,Tolerance
O-007199,Wet wipe / cloth,Active,SD-000472,Tolerance
O-007214,Wheelbarrow walk,Active,SD-000022,Activity
O-007222,When we eat we use (cutlery),Active,SD-000278,Model rule
O-007223,"When we go outside, stay with (person)",Active,SD-000278,Model rule
O-007358,Yellow,Active,SD-000244,Language exposure
O-007359,Yellow,Active,SD-000496,Visual
O-007390,Yes/no,Active,SD-000057,Communication opportunity
O-007398,Yoga (various),Active,SD-000022,Activity
O-007450,Zig zag,Active,SD-000244,Language exposure
O-007451,Zig zag running,Active,SD-000022,Activity
