SDID__c,Name,Description__c,Stage__c,Status__c,Area__c,PID__c,Program_Name__c
SD-000210,Identical,,Stage One,Active,Matching,P-000001,2D Matching
SD-000286,Non-Identical,,Stage One,Active,Matching,P-000001,2D Matching
SD-000211,Identical,,Stage One,Active,Matching,P-000002,3D Matching
SD-000287,Non-identical,,Stage One,Active,Matching,P-000002,3D Matching
SD-000212,Identical,,Stage One,Active,Matching,P-000003,3D to 2D Matching
SD-000288,Non-identical,,Stage One,Active,Matching,P-000003,3D to 2D Matching
SD-000359,Receptive,,Stage One,Active,Receptive Language,P-000004,Actions
SD-000122,Expressive,,Stage Two,Active,Expressive Language,P-000004,Actions
SD-000403,Receptive Q/A,,Stage Two,Active,Play Skills,P-000006,Animal Sounds
SD-000160,Expressive (Animal says...),,Stage Two,Active,Play Skills,P-000006,Animal Sounds
SD-000170,Expressive Q/A,,Stage Two,Active,Play Skills,P-000006,Animal Sounds
SD-000049,Colouring,,Stage Two,Active,Play Skills,P-000008,Arts and Crafts
SD-000300,Pasting,,Stage Two,Active,Play Skills,P-000008,Arts and Crafts
SD-000062,Cutting,,Stage Two,Active,Play Skills,P-000008,Arts and Crafts
SD-000064,Cutting on line,,Stage Two,Active,Play Skills,P-000008,Arts and Crafts
SD-000446,Stamping,,Stage Two,Active,Play Skills,P-000008,Arts and Crafts
SD-000295,Painting,,Stage Two,Active,Play Skills,P-000008,Arts and Crafts
SD-000040,Challenging situation,,Stage Three,Active,Social Play Skills,P-000009,Assertiveness
SD-000097,Exposure,,Stage Two,Active,Abstract Concepts,P-000010,Associations
SD-000360,Receptive,,Stage Three,Active,Abstract Concepts,P-000010,Associations
SD-000123,Expressive,,Stage Three,Active,Abstract Concepts,P-000010,Associations
SD-000098,Exposure,,Stage Two,Active,Play Skills,P-000011,Ball Skills
SD-000217,Imitation,,Stage Two,Active,Play Skills,P-000011,Ball Skills
SD-000361,Receptive,,Stage Two,Active,Play Skills,P-000011,Ball Skills
SD-000398,Receptive After,,Stage Three,Active,Abstract Concepts,P-000013,Before/After
SD-000163,Expressive Before,,Stage Three,Active,Abstract Concepts,P-000013,Before/After
SD-000162,Expressive After,,Stage Three,Active,Abstract Concepts,P-000013,Before/After
SD-000416,Ride Bike,,Stage Two,Active,Play Skills,P-000015,Bike Riding
SD-000218,Imitation,,Stage One,Active,Play Skills,P-000016,Block Imitation
SD-000320,Prebuilt 3D,,Stage One,Active,Play Skills,P-000016,Block Imitation
SD-000319,Prebuilt 2D,,Stage One,Active,Play Skills,P-000016,Block Imitation
SD-000401,Receptive Instruction,,Stage One,Active,Play Skills,P-000016,Block Imitation
SD-000099,Exposure,,Stage Three,Active,Social Play Skills,P-000017,Board games
SD-000183,Game,,Stage Three,Active,Social Play Skills,P-000017,Board games
SD-000362,Receptive,,Stage One,Active,Receptive Language,P-000018,Body Parts
SD-000124,Expressive,,Stage Two,Active,Expressive Language,P-000018,Body Parts
SD-000363,Receptive,,Stage One,Active,Receptive Language,P-000019,Book Labels
SD-000125,Expressive,,Stage Two,Active,Expressive Language,P-000019,Book Labels
SD-000036,Break Card,,Stage One,Active,Communication,P-000021,Break
SD-000238,Item,,Stage One,Active,Receptive Language,P-000022,Bring Me
SD-000003,2 items,,Stage Two,Active,Receptive Language,P-000022,Bring Me
SD-000227,In Vivo,,Stage Two,Active,Receptive Language,P-000022,Bring Me
SD-000254,Matching,,Stage Three,Active,Abstract Concepts,P-000023,Calendar
SD-000364,Receptive,,Stage Three,Active,Abstract Concepts,P-000023,Calendar
SD-000126,Expressive,,Stage Three,Active,Abstract Concepts,P-000023,Calendar
SD-000100,Exposure,,Stage Two,Active,Abstract Concepts,P-000025,Categories
SD-000255,Matching,,Stage Two,Active,Abstract Concepts,P-000025,Categories
SD-000444,Sorting,,Stage Two,Active,Abstract Concepts,P-000025,Categories
SD-000365,Receptive,,Stage Two,Active,Receptive Language,P-000025,Categories
SD-000159,Expressive - What is,,Stage Two,Active,Expressive Language,P-000025,Categories
SD-000158,Expressive - Tell me,,Stage Two,Active,Conversation,P-000025,Categories
SD-000033,Brainstorming,,Stage Two,Active,Conversation,P-000025,Categories
SD-000176,Expressive w/ objects,,Stage Two,Active,Conversation,P-000026,Choices
SD-000304,Pictures,,Stage Two,Active,Conversation,P-000026,Choices
SD-000284,Non visual,,Stage Two,Active,Conversation,P-000026,Choices
SD-000246,List,,Stage Four,Active,Abstract Concepts,P-000027,Circle of friends
SD-000332,Q/A,,Stage Four,Active,Abstract Concepts,P-000027,Circle of friends
SD-000341,Q/A w clause,,Stage Four,Active,Abstract Concepts,P-000027,Circle of friends
SD-000256,Matching,,Stage One,Active,Matching,P-000029,Colour/Shape
SD-000366,Receptive,,Stage Two,Active,Abstract Concepts,P-000029,Colour/Shape
SD-000127,Expressive,,Stage Two,Active,Abstract Concepts,P-000029,Colour/Shape
SD-000101,Exposure,,Stage Two,Active,Play Skills,P-000030,Colouring
SD-000219,Imitation,,Stage Two,Active,Play Skills,P-000030,Colouring
SD-000367,Receptive,,Stage Two,Active,Play Skills,P-000030,Colouring
SD-000257,Matching,,Stage One,Active,Matching,P-000031,Colours
SD-000368,Receptive,,Stage Two,Active,Abstract Concepts,P-000031,Colours
SD-000128,Expressive,,Stage Two,Active,Abstract Concepts,P-000031,Colours
SD-000029,Between 2 people,,Stage One,Active,Learning to Learn,P-000032,Come Here
SD-000001,1 person,enter something here,Stage Two,Active,Abstract Concepts,P-000032,Come Here
SD-000228,Instruction,,Stage One,Active,Learning to Learn,P-000033,Come sit
SD-000054,Communication opportunity,,Stage One,Active,Communication,P-000034,Communication Temptation
SD-000369,Receptive,,Stage Four,Active,Abstract Concepts,P-000035,Complex Categories
SD-000129,Expressive,,Stage Four,Active,Abstract Concepts,P-000035,Complex Categories
SD-000034,Brainstorming,,Stage Four,Active,Abstract Concepts,P-000035,Complex Categories
SD-000370,Receptive,,Stage Three,Active,Receptive Language,P-000036,Complex instructions
SD-000102,Exposure,,Stage Four,Active,Abstract Concepts,P-000037,Complex Opposites
SD-000130,Expressive,,Stage Four,Active,Abstract Concepts,P-000037,Complex Opposites
SD-000103,Exposure,,Stage Two,Active,Abstract Concepts,P-000038,Component Labels
SD-000371,Receptive,,Stage Two,Active,Receptive Language,P-000038,Component Labels
SD-000131,Expressive,,Stage Two,Active,Expressive Language,P-000038,Component Labels
SD-000233,Instruction w condition,,Stage Two,Active,Receptive Language,P-000039,Conditional instructions
SD-000207,How they feel,,Stage Three,Active,Abstract Concepts,P-000040,Contextual emotions
SD-000510,Why,,Stage Three,Active,Expressive Language,P-000040,Contextual emotions
SD-000208,How to help,,Stage Four,Active,Abstract Concepts,P-000040,Contextual emotions
SD-000234,Instruction w contextual cue,,Stage One,Active,Receptive Language,P-000041,Contextual Instructions
SD-000372,Receptive,,Stage Two,Active,Receptive Language,P-000042,Contextual sorting
SD-000445,Sound paired w gesture,,Stage Two,Active,Speech,P-000044,Cued Articulation
SD-000104,Exposure,,Stage Three,Active,School Readiness,P-000046,Days of the week
SD-000373,Receptive,,Stage Three,Active,School Readiness,P-000046,Days of the week
SD-000132,Expressive,,Stage Three,Active,School Readiness,P-000046,Days of the week
SD-000433,Sequencing,,Stage Three,Active,School Readiness,P-000046,Days of the week
SD-000333,Q/A,,Stage Three,Active,School Readiness,P-000046,Days of the week
SD-000105,Exposure,,Stage Four,Active,Expressive Language,P-000047,Describe
SD-000448,Statement,,Stage Four,Active,Expressive Language,P-000047,Describe
SD-000343,Question,,Stage Four,Active,Expressive Language,P-000047,Describe
SD-000229,Instruction,,Stage Four,Active,Expressive Language,P-000047,Describe
SD-000020,Activity,,Stage One,Active,Play Skills,P-000048,Directed play
SD-000013,Action,,Stage Two,Active,Social Play Skills,P-000049,Do That
SD-000015,Action w item,,Stage Two,Active,Social Play Skills,P-000049,Do That
SD-000235,Instruction with gesture,,Stage Three,Active,Receptive Language,P-000051,Don't
SD-000230,Instruction,,Stage Three,Active,Receptive Language,P-000051,Don't
SD-000220,Imitation,,Stage Two,Active,Play Skills,P-000053,Drawing Imitation
SD-000180,From model,,Stage Two,Active,Play Skills,P-000053,Drawing Imitation
SD-000374,Receptive,,Stage Two,Active,Play Skills,P-000053,Drawing Imitation
SD-000231,Instruction,,Stage Two,Active,Self-Care,P-000055,Eating at the table
SD-000258,Matching,,Stage Two,Active,Abstract Concepts,P-000057,Emotions
SD-000375,Receptive,,Stage Two,Active,Abstract Concepts,P-000057,Emotions
SD-000133,Expressive,,Stage Two,Active,Abstract Concepts,P-000057,Emotions
SD-000067,Demonstration,,Stage Two,Active,Abstract Concepts,P-000057,Emotions
SD-000499,Visual and Verbal,,Stage Three,Active,School Readiness,P-000058,Emotions Thermometer
SD-000134,Expressive,,Stage Three,Active,Expressive Language,P-000059,Exclusions
SD-000376,Receptive,,Stage Three,Active,Receptive Language,P-000059,Exclusions
SD-000171,Expressive reason,,Stage Four,Active,Expressive reasoning,P-000059,Exclusions
SD-000039,Category exclusion (expressive),,Stage Four,Active,Expressive reasoning,P-000059,Exclusions
SD-000135,Expressive,,Stage Two,Active,Expressive Language,P-000061,Expressive Labels
SD-000377,Receptive,,Stage Three,Active,School Readiness,P-000063,Find your name
SD-000002,1 step,describe the SD briefly,Stage Two,Active,Imitation,P-000064,Fine motor imitation
SD-000006,2 steps,,Stage Two,Active,Imitation,P-000064,Fine motor imitation
SD-000010,3 steps,,Stage Two,Active,Imitation,P-000064,Fine motor imitation
SD-000021,Activity,,Stage Two,Active,Kinder Readiness,P-000065,Fine Motor Task Completion
SD-000305,Place in finished box,,Stage One,Active,Learning to Learn,P-000066,Finish Box
SD-000060,Contingency,,Stage Two,Active,Learning to Learn,P-000068,First/Then
SD-000167,Expressive Imitation,,Stage Three,Active,Expressive Language,P-000069,Fluency
SD-000136,Expressive,,Stage Three,Active,Expressive Language,P-000069,Fluency
SD-000347,Question discrimination,,Stage Three,Active,Expressive Language,P-000069,Fluency
SD-000221,Imitation,,Stage Two,Active,SelfCare,P-000070,Food tolerance
SD-000073,Eat food,,,Active,,P-000070,Food tolerance
SD-000378,Receptive,,Stage One,Active,Receptive Language,P-000071,Functions
SD-000137,Expressive,,Stage Two,Active,Expressive Language,P-000071,Functions
SD-000035,Brainstorming,,Stage Two,Active,Expressive Language,P-000071,Functions
SD-000379,Receptive,,Stage Three,Active,Receptive Language,P-000074,Gestures
SD-000334,Q/A,,Stage Three,Active,Receptive Language,P-000074,Gestures
SD-000236,Instructional gesture,,Stage Three,Active,Receptive Language,P-000074,Gestures
SD-000195,Go show,,Stage Three,Active,Conversation,P-000075,Getting and giving information
SD-000194,Go give,,Stage Three,Active,Conversation,P-000075,Getting and giving information
SD-000193,Go Ask,,Stage Three,Active,Conversation,P-000075,Getting and giving information
SD-000196,Go tell,,Stage Three,Active,Conversation,P-000075,Getting and giving information
SD-000344,Question,,Stage Four,Active,Conversation,P-000075,Getting and giving information
SD-000302,Person facing away,,Stage Two,Active,Conversation,P-000076,Getting attention
SD-000232,Instruction,,Stage Two,Active,Receptive-Language,P-000079,Give to Person
SD-000460,Tell me how to,,Stage Four,Active,Expressive Language,P-000080,Giving instructions
SD-000239,Item,,Stage One,Active,Receptive Language,P-000081,Go To
SD-000249,Location,,Stage One,Active,Receptive Language,P-000081,Go To
SD-000301,Person,,Stage One,Active,Receptive Language,P-000081,Go To
SD-000200,Go to and bring me,,Stage Two,Active,Receptive-Language,P-000083,Go To and Bring Me
SD-000408,Reciprocal,,Stage Two,Active,Conversation,P-000085,Greetings
SD-000022,Activity,,Stage Two,Active,Play-Skills,P-000086,Gross Motor
SD-000043,Child gives clues,,Stage Four,Active,Expressive reasoning,P-000087,Guess
SD-000461,TH gives clues,,Stage Four,Active,Expressive reasoning,P-000087,Guess
SD-000082,Exp. label,,Stage Three,Active,Conversation,P-000090,I don't know
SD-000089,Exp. person,,Stage Three,Active,Conversation,P-000090,I don't know
SD-000084,Exp. location,,Stage Three,Active,Conversation,P-000090,I don't know
SD-000441,Social question,,Stage Three,Active,Conversation,P-000090,I don't know
SD-000186,Generalised,,Stage Three,Active,Conversation,P-000090,I don't know
SD-000335,Q/A,,Stage Three,Active,Language,P-000091,I have
SD-000409,Reciprocal,,Stage Three,Active,Language,P-000091,I have
SD-000336,Q/A,,Stage Three,Active,Language,P-000092,I see
SD-000410,Reciprocal,,Stage Three,Active,Language,P-000092,I see
SD-000215,If/then,,Stage Three,Active,Receptive Language,P-000094,If/then
SD-000312,Play scenario,,Stage Three,Active,Social Play Skills,P-000095,Imaginary play
SD-000351,Rec. instr.,,Stage Three,Active,Language,P-000096,Impossible tasks
SD-000513,Why/because,,Stage Three,Active,Language,P-000096,Impossible tasks
SD-000075,Engage in activity,,Stage Two,Active,Play Skills,P-000098,Interest development
SD-000323,Present activity,,Stage Two,Active,Play Skills,P-000098,Interest development
SD-000489,VI intonation,,Stage Three,Active,Speech,P-000099,Intonation
SD-000490,VI intonation - sentence,,Stage Three,Active,Speech,P-000099,Intonation
SD-000324,Present iPad,,Stage Two,Active,Play Skills,P-000100,iPad play
SD-000313,Play situation,,Stage Three,Active,Social Play Skills,P-000101,Joining in
SD-000184,Gaze,,Stage Two,Active,Learning to Learn,P-000102,Joint Attention
SD-000317,Point,,Stage Two,Active,Learning to Learn,P-000102,Joint Attention
SD-000052,Comment w gaze,,Stage Two,Active,Learning to Learn,P-000102,Joint Attention
SD-000053,Comment w point,,Stage Two,Active,Learning to Learn,P-000102,Joint Attention
SD-000106,Exposure,,Stage One,Active,Communication,P-000103,Key Word Signs
SD-000051,Comm. opportunity,,Stage One,Active,Communication,P-000103,Key Word Signs
SD-000428,Sequence,,Stage Three,Active,School Readiness,P-000105,Letter sequencing
SD-000259,Matching,,Stage Two,Active,Kinder Readiness,P-000106,Letters
SD-000270,Matching different cases,,Stage Three,Active,School Readiness,P-000106,Letters
SD-000380,Receptive,,Stage Three,Active,School Readiness,P-000106,Letters
SD-000138,Expressive,,Stage Three,Active,School Readiness,P-000106,Letters
SD-000381,Receptive,,Stage One,Active,Receptive Language,P-000107,Locations
SD-000139,Expressive,,Stage Two,Active,Expressive Language,P-000107,Locations
SD-000400,Receptive Function,,Stage Two,Active,Receptive Language,P-000107,Locations
SD-000165,Expressive Function,,Stage Two,Active,Expressive Language,P-000107,Locations
SD-000168,Expressive Occupation Location,,Stage Three,Active,Language,P-000107,Locations
SD-000260,Matching,,Stage Three,Active,School Readiness,P-000109,M100 Words
SD-000382,Receptive,,Stage Three,Active,School Readiness,P-000109,M100 Words
SD-000140,Expressive,,Stage Three,Active,School Readiness,P-000109,M100 Words
SD-000337,Q/A,,Stage Four,Active,Expressive Language,P-000110,Main idea
SD-000253,Mat time,,Stage Two,Active,Kinder Readiness,P-000111,Mat Time
SD-000307,Planned model,,Stage One,Active,Imitation,P-000113,Non Verbal Imitation (NVI)
SD-000462,Third person planned model,,Stage Two,Active,Social Play Skills,P-000113,Non Verbal Imitation (NVI)
SD-000463,Third person unplanned model,,Stage Two,Active,Social Play Skills,P-000113,Non Verbal Imitation (NVI)
SD-000494,Visual,,Stage One,Inactive,Learning to Learn,P-000114,Not available
SD-000500,Visual and Verbal,,Stage One,Inactive,Learning to Learn,P-000114,Not available
SD-000485,Verbal,,Stage One,Inactive,Learning to Learn,P-000114,Not available
SD-000424,Say (sound) th points,,Stage Two,Active,Speech,P-000115,Nuffield sounds
SD-000429,Sequence,,Stage Two,Active,Kinder Readiness,P-000116,Number Sequencing
SD-000261,Matching,,Stage Two,Active,Kinder Readiness,P-000117,Numbers
SD-000383,Receptive,,Stage Three,Active,School Readiness,P-000117,Numbers
SD-000141,Expressive,,Stage Three,Active,School Readiness,P-000117,Numbers
SD-000384,Receptive,,Stage Three,Active,School Readiness,P-000118,Numeracy
SD-000308,Planned model w item,,Stage One,Active,Imitation,P-000119,Object Imitation
SD-000309,Planned model w item at table,,Stage One,Active,Imitation,P-000119,Object Imitation
SD-000310,Planned model w item in play,,Stage One,Active,Imitation,P-000119,Object Imitation
SD-000262,Matching,,Stage Three,Active,School Readiness,P-000120,Object to word
SD-000385,Receptive,,Stage Three,Active,Language,P-000121,Occupations
SD-000142,Expressive,,Stage Three,Active,Language,P-000121,Occupations
SD-000078,Exp. function,,Stage Three,Active,Language,P-000121,Occupations
SD-000414,Reverse exp. function,,Stage Three,Active,Language,P-000121,Occupations
SD-000192,Give me (number) (item),,Stage Two,Active,Kinder Readiness,P-000122,One to one counting
SD-000061,Count (items),,Stage Two,Active,Kinder Readiness,P-000122,One to one counting
SD-000206,How many (items)?,,Stage Two,Active,Kinder Readiness,P-000122,One to one counting
SD-000107,Exposure,,Stage Two,Active,Abstract Concepts,P-000123,Opposites
SD-000214,Identical Receptive,,Stage Two,Active,Abstract Concepts,P-000123,Opposites
SD-000290,Non-Identical Receptive,,Stage Two,Active,Abstract Concepts,P-000123,Opposites
SD-000143,Expressive,,Stage Two,Active,Abstract Concepts,P-000123,Opposites
SD-000086,Exp. non-visual,,Stage Four,Active,Abstract Concepts,P-000123,Opposites
SD-000222,Imitation,,Stage One,Active,Speech,P-000124,Oral Motor
SD-000088,Exp. past tense,,Stage Three,Active,Language,P-000126,Past Tense
SD-000430,Sequence,,Stage Three,Active,School Readiness,P-000127,Patterns
SD-000055,Communication opportunity,,Stage One,Active,Communication,P-000128,PECS
SD-000263,Matching,,Stage One,Active,Matching,P-000129,People
SD-000386,Receptive,,Stage One,Active,Receptive Language,P-000129,People
SD-000144,Expressive,,Stage Two,Active,Expressive Language,P-000129,People
SD-000387,Receptive,,Stage Three,Active,School Readiness,P-000131,Phonics
SD-000145,Expressive,,Stage Three,Active,School Readiness,P-000131,Phonics
SD-000023,Activity,,Stage One,Active,Play Skills,P-000132,Play Development
SD-000041,Change aspect of play,,Stage Two,Active,Play Skills,P-000133,Play Flexibility
SD-000311,Planned model with toy,,Stage Two,Active,Imitation,P-000134,Play Imitation
SD-000108,Exposure,,Stage Two,Active,Social Play Skills,P-000135,Play language
SD-000223,Imitation,,Stage Two,Active,Social Play Skills,P-000135,Play language
SD-000076,Engage in activity,,Stage Two,Active,Social Play Skills,P-000136,Play with sibling
SD-000388,Receptive,,Stage Three,Active,Abstract Concepts,P-000137,Plurals
SD-000146,Expressive,,Stage Three,Active,Abstract Concepts,P-000137,Plurals
SD-000389,Receptive,,Stage Two,Active,Abstract Concepts,P-000140,Prepositions
SD-000358,Rec. prep. location,,Stage Two,Active,Abstract Concepts,P-000140,Prepositions
SD-000353,Rec. item prep. loc.,,Stage Two,Active,Abstract Concepts,P-000140,Prepositions
SD-000090,Exp. prep. location,,Stage Two,Active,Abstract Concepts,P-000140,Prepositions
SD-000081,Exp. item. prep. loc.,,Stage Two,Active,Abstract Concepts,P-000140,Prepositions
SD-000045,Client Preposition,,Stage Two,Active,Abstract Concepts,P-000140,Prepositions
SD-000326,Pretend to be,,Stage Two,Active,Play Skills,P-000141,Pretend
SD-000327,Pretend with item,,Stage Two,Active,Play Skills,P-000141,Pretend
SD-000083,Exp. labels PLQ,,Stage Two,Active,Expressive Language,P-000142,Prologuo2go Labels
SD-000056,Communication opportunity,,Stage One,Active,Communication,P-000144,Proloquo2go
SD-000354,Rec. My/Your,,Stage Three,Active,Abstract Concepts,P-000150,Pronouns
SD-000085,Exp. My/Your,,Stage Three,Active,Abstract Concepts,P-000150,Pronouns
SD-000355,Rec. our/their,,Stage Three,Active,Abstract Concepts,P-000150,Pronouns
SD-000087,Exp. our/their,,Stage Three,Active,Abstract Concepts,P-000150,Pronouns
SD-000412,Reinforcing item,,Stage One,Active,Learning to Learn,P-000151,Proximity tolerance
SD-000283,No item,,Stage One,Active,Learning to Learn,P-000151,Proximity tolerance
SD-000328,Program stimuli,,Stage One,Active,Learning to Learn,P-000151,Proximity tolerance
SD-000330,Put it down,,Stage One,Active,Receptive Language,P-000152,Put It Down
SD-000285,Non-ID quantity matching,,Stage Three,Active,School Readiness,P-000153,Quantity Matching
SD-000342,Quantity to numeral matching,,Stage Three,Active,School Readiness,P-000153,Quantity Matching
SD-000516,With visual,,Stage Three,Active,Receptive Language,P-000154,Quiet
SD-000515,With gesture,,Stage Three,Active,Receptive Language,P-000154,Quiet
SD-000298,Passage from book,,Stage Four,Active,Expressive Language,P-000156,Recall
SD-000437,Signicant activity,,Stage Four,Active,Expressive Language,P-000156,Recall
SD-000247,List Numbers,,Stage Four,Active,Expressive Language,P-000156,Recall
SD-000248,List words,,Stage Four,Active,Expressive Language,P-000156,Recall
SD-000436,Show items/pictures,,Stage Four,Active,Expressive Language,P-000156,Recall
SD-000012,4 step rec.instr,,Stage Three,Active,Receptive Language,P-000157,Receptive Instructions
SD-000004,2 step rec. instr.,,Stage Two,Active,Receptive Language,P-000157,Receptive Instructions
SD-000008,3 step rec. instr.,,Stage Three,Active,Receptive Language,P-000157,Receptive Instructions
SD-000352,Rec. Instr.,,Stage One,Active,Receptive Language,P-000157,Receptive Instructions
SD-000007,2D Receptive,,Stage One,Active,Receptive Language,P-000158,Receptive Labels
SD-000011,3D Receptive,,Stage One,Active,Receptive Language,P-000158,Receptive Labels
SD-000356,Rec. play instr.,,Stage One,Active,Receptive Language,P-000159,Receptive Play Instructions
SD-000005,2 step rec. play instr.,,Stage Two,Active,Receptive Language,P-000159,Receptive Play Instructions
SD-000009,3 step rec. play instr.,,Stage Three,Active,Receptive Language,P-000159,Receptive Play Instructions
SD-000449,Statement,,Stage Three,Active,Conversation,P-000160,Reciprocal statements
SD-000501,Visual cue,,Stage Three,Active,School Readiness,P-000161,Referencing the board
SD-000357,Rec. play instr.,,Stage One,Active,Learning to Learn,P-000162,Reinforcement Contingency
SD-000276,Model,,Stage Three,Active,Self-Care,P-000164,Relaxation Strategies
SD-000038,Call name,,Stage Two,Active,Receptive Language,P-000165,Response to name
SD-000413,rest time,,Stage Two,Active,Receptive Language,P-000166,Rest corner
SD-000417,Ride bike,,Stage Two,Active,Play Skills,P-000168,Riding bike
SD-000202,Helmet tolerance,,Stage Two,Active,Play Skills,P-000168,Riding bike
SD-000338,Q/A,,Stage Four,Active,Expressive reasoning,P-000169,Role projection
SD-000418,Role play,,Stage Four,Active,Expressive reasoning,P-000169,Role projection
SD-000331,Put with same/different,,Stage Three,Active,Abstract Concepts,P-000170,Same/Different
SD-000390,Receptive,,Stage Three,Active,Abstract Concepts,P-000170,Same/Different
SD-000147,Expressive,,Stage Three,Active,Abstract Concepts,P-000170,Same/Different
SD-000017,Actions,,Stage Three,Active,Speech,P-000171,Say vs. do
SD-000350,Questions,,Stage Three,Active,Speech,P-000171,Say vs. do
SD-000066,Daily living task,,Stage One,Active,Self-Care,P-000173,Self Help
SD-000173,Expressive senses,,Stage Two,Active,Expressive Language,P-000174,Senses
SD-000164,Expressive feel,,Stage Two,Active,Expressive Language,P-000174,Senses
SD-000166,Expressive hear,,Stage Two,Active,Expressive Language,P-000174,Senses
SD-000174,Expressive taste,,Stage Two,Active,Expressive Language,P-000174,Senses
SD-000431,Sequence,,Stage Three,Active,Language,P-000175,Sequencing
SD-000148,Expressive,,,Active,,P-000175,Sequencing
SD-000264,Matching,,Stage One,Active,Matching,P-000176,Shapes
SD-000391,Receptive,,Stage Two,Active,Abstract Concepts,P-000176,Shapes
SD-000149,Expressive,,Stage Two,Active,Abstract Concepts,P-000176,Shapes
SD-000109,Exposure,,Stage One,Active,Communication,P-000177,Sign exposure
SD-000440,Social game,,Stage Three,Active,Social Play Skills,P-000179,Social Games
SD-000339,Q/A,,Stage Two,Active,Conversation,P-000180,Social Questions
SD-000411,Reciprocal,,Stage Three,Active,Conversation,P-000180,Social Questions
SD-000419,Role projection,,Stage Four,Active,Expressive reasoning,P-000182,Social situations
SD-000110,Exposure,,Stage One,Active,Play Skills,P-000184,Song Exposure
SD-000442,Song exposure,,Stage One,Active,Play Skills,P-000184,Song Exposure
SD-000237,Intraverbal,,Stage Two,Active,Expressive Language,P-000185,Songs
SD-000213,Identical,,Stage One,Active,Matching,P-000186,Sorting
SD-000289,Non-Identical,,Stage One,Active,Matching,P-000186,Sorting
SD-000050,Colours,,Stage One,Active,Matching,P-000186,Sorting
SD-000226,In view,,Stage One,Active,Receptive Language,P-000187,Sound discrimination
SD-000294,Out of sight,,Stage One,Active,Receptive Language,P-000187,Sound discrimination
SD-000197,Go to,,Stage Two,Active,Play Skills,P-000188,Spatial Awareness
SD-000201,Go to holding item,,Stage Two,Active,Play Skills,P-000188,Spatial Awareness
SD-000432,Sequence Letters,,Stage Three,Active,School Readiness,P-000189,Spelling
SD-000522,Writing,,Stage Four,Active,School Readiness,P-000189,Spelling
SD-000325,Present item,,Stage Two,Active,Expressive Language,P-000190,Spontaneous Labels
SD-000450,Statement,,Stage Three,Active,Conversation,P-000191,Statement question
SD-000454,Stop,,Stage Three,Active,Social Play Skills,P-000193,Stop
SD-000458,Ta,,Stage One,Active,Learning to Learn,P-000194,Ta
SD-000069,Do (activity),,Stage One,Active,Learning to Learn,P-000196,Task Completion
SD-000322,Present,,Stage Two,Active,Expressive Language,P-000197,Tenses
SD-000299,Past,,Stage Three,Active,Language,P-000197,Tenses
SD-000182,Future,,Stage Four,Active,Expressive Language,P-000197,Tenses
SD-000203,Hidden Item,,Stage Four,Active,Expressive reasoning,P-000198,Theory of mind
SD-000345,Question,,Stage Four,Active,Expressive reasoning,P-000198,Theory of mind
SD-000471,Tolerance,,Stage One,Active,Learning to Learn,P-000200,Timer
SD-000464,Toilet routine,,Stage Two,Active,Self-Care,P-000201,Toilet routine
SD-000465,Toileting,,Stage Two,Active,Self-Care,P-000203,Toileting
SD-000466,Token board,,Stage Three,Active,School Readiness,P-000204,Token Board
SD-000111,Exposure,,Stage One,Active,Self-Care,P-000207,Toothbrush Tolerance
SD-000476,Toothbrush benign location,,Stage One,Active,Self-Care,P-000207,Toothbrush Tolerance
SD-000477,Toothbrush to lips,,Stage One,Active,Self-Care,P-000207,Toothbrush Tolerance
SD-000478,Toothbrush to teeth,,Stage One,Active,Self-Care,P-000207,Toothbrush Tolerance
SD-000037,Brushing teeth,,Stage One,Active,Self-Care,P-000207,Toothbrush Tolerance
SD-000265,Matching,,Stage One,Active,Matching,P-000208,Touch Same
SD-000479,Trace,,Stage Two,Active,Kinder Readiness,P-000209,Tracing
SD-000046,Close ended task,,Stage Two,Active,Social Play Skills,P-000210,Turn Taking
SD-000292,Open ended task,,Stage Two,Active,Social Play Skills,P-000210,Turn Taking
SD-000245,Less preferred item,,Stage Two,Active,Social Play Skills,P-000210,Turn Taking
SD-000321,Preferred item,,,Active,,P-000210,Turn Taking
SD-000481,Turn taking,,Stage Two,Active,Social Play Skills,P-000210,Turn Taking
SD-000112,Exposure,,Stage Three,Active,School Readiness,P-000211,Typing
SD-000482,Type,,Stage Three,Active,School Readiness,P-000211,Typing
SD-000438,Single sound VI,,Stage One,Active,Speech,P-000212,Verbal Imitation (VI)
SD-000484,VC - VI,,Stage One,Active,Speech,P-000212,Verbal Imitation (VI)
SD-000065,CV - VI,,Stage One,Active,Speech,P-000212,Verbal Imitation (VI)
SD-000518,Words - VI,,Stage Two,Active,Speech,P-000212,Verbal Imitation (VI)
SD-000487,VI,,Stage One,Active,Speech,P-000212,Verbal Imitation (VI)
SD-000488,VI - sentence intonation,,Stage Three,Active,Speech,P-000212,Verbal Imitation (VI)
SD-000113,Exposure,,Stage Three,Active,,P-000213,Video modelling
SD-000224,Imitation,,Stage Three,Active,,P-000213,Video modelling
SD-000070,Do schedule,,Stage Three,Active,School Readiness,P-000214,Visual schedule
SD-000456,Synonym,,Stage Four,Active,Expressive Language,P-000215,Vocabulary
SD-000058,Contextual,,Stage Four,Active,Expressive Language,P-000215,Vocabulary
SD-000425,Say it loudly/quietly,,Stage Four,Active,Conversation,P-000216,Volume proximity
SD-000027,Adjusting vol. due proximity,,Stage Four,Active,Conversation,P-000216,Volume proximity
SD-000505,Wait w visual,,Stage One,Active,Learning to Learn,P-000217,Wait tolerance
SD-000204,Holding hands,,Stage Two,Active,Community Access,P-000219,Walk with me
SD-000291,Not holding hands,,Stage Two,Active,Community Access,P-000219,Walk with me
SD-000508,Wash hands,,Stage One,Active,Self-Care,P-000220,Washing hands
SD-000150,Expressive,,Stage Three,Active,Abstract Concepts,P-000222,What doesn't belong
SD-000512,Why not,,Stage Three,Active,Abstract Concepts,P-000222,What doesn't belong
SD-000272,missing component,,Stage Three,Active,Abstract Concepts,P-000223,What's missing?
SD-000241,item removed,,Stage Three,Active,Abstract Concepts,P-000223,What's missing?
SD-000151,Expressive,,Stage Four,Active,Abstract Concepts,P-000224,What's silly
SD-000152,Expressive,,Stage Three,Active,School Readiness,P-000225,When
SD-000172,Expressive reverse,,Stage Three,Active,School Readiness,P-000225,When
SD-000153,Expressive,,Stage Three,Active,Language,P-000226,Who What When Where Why How
SD-000511,Why don't/because,,Stage Three,Active,Language,P-000227,Why/because
SD-000514,Why/because,,Stage Three,Active,Language,P-000227,Why/because
SD-000415,Reverse why/because,,Stage Three,Active,Language,P-000227,Why/because
SD-000266,Matching,,Stage Three,Active,School Readiness,P-000228,Word matching
SD-000267,Matching,,Stage Three,Active,School Readiness,P-000229,Words
SD-000392,Receptive,,Stage Three,Active,School Readiness,P-000229,Words
SD-000154,Expressive,,Stage Three,Active,School Readiness,P-000229,Words
SD-000026,Activity with distraction,,Stage Three,Active,School Readiness,P-000230,Working through distractions
SD-000519,Worksheet,,Stage Three,Active,School Readiness,P-000231,Worksheets
SD-000521,Write (with visual),,Stage Three,Active,School Readiness,P-000232,Writing
SD-000520,Write (no visual),,Stage Four,Active,School Readiness,P-000232,Writing
SD-000348,Question with visual,,Stage Two,Active,Conversation,P-000233,Yes/no
SD-000349,Question without visual,,Stage Two,Active,Conversation,P-000233,Yes/no
SD-000178,Factual,,Stage Two,Active,Expressive Language,P-000233,Yes/no
SD-000524,You be the teacher,,Stage Three,Active,Conversation,P-000234,You be the teacher
SD-000525,Zones of regulation visual,,Stage Three,Active,Self-Care,P-000235,Zones of regulation
SD-000402,Receptive Person/action,,Stage One,Active,Receptive Language,P-000004,Actions
SD-000169,Expressive Person/Action,,Stage Two,Active,Expressive Language,P-000004,Actions
SD-000116,Exposure,,Stage Two,Active,Abstract Concepts,P-000014,Behaviour Vocabulary
SD-000032,Brainstorm,,Stage Four,Active,Abstract Concepts,P-000014,Behaviour Vocabulary
SD-000340,Q/A,,Stage Three,Active,Abstract Concepts,P-000014,Behaviour Vocabulary
SD-000451,Statement,,Stage Three,Active,Abstract Concepts,P-000014,Behaviour Vocabulary
SD-000399,Receptive Before,,Stage Three,Active,Abstract Concepts,P-000013,Before/After
SD-000426,Scale,,Stage Four,Active,Abstract Concepts,P-000024,Catastrophe Scale
SD-000427,Scenario,,Stage Four,Active,Abstract Concepts,P-000024,Catastrophe Scale
SD-000434,Sequencing,,Stage Three,Active,Abstract Concepts,P-000023,Calendar
SD-000018,Activities on Day,,Stage Three,Active,Abstract Concepts,P-000023,Calendar
SD-000420,Room,,Stage One,Active,Receptive Language,P-000081,Go To
SD-000199,Go to and Action,,Stage Two,Active,Receptive-Language,P-000082,Go To and Action
SD-000198,Go To,,Stage One,Active,Receptive Language,P-000084,Go Went
SD-000509,Where did you go?,,Stage Three,Active,Language,P-000084,Go Went
SD-000216,Imaginary Play,,Stage Three,Active,Social Play Skills,P-000141,Pretend
SD-000443,Song with planned model,,Stage One,Active,Imitation,P-000183,Song Actions
SD-000474,Tolerance to Item,,Stage One,Active,Learning to Learn,P-000205,Tolerance
SD-000475,Tolerance to Music,,Stage One,Active,Learning to Learn,P-000205,Tolerance
SD-000091,Exp. We/they/I/You,,Stage Three,Active,Abstract Concepts,P-000150,Pronouns
SD-000303,Person not attending,,Stage Two,Active,Conversation,P-000076,Getting attention
SD-000457,Ta,,Stage One,Active,Receptive Language,P-000041,Contextual Instructions
SD-000244,Language exposure,,Stage Two,Active,Receptive Language,P-000054,Drawing language exposure
SD-000179,Food presentation,,Stage Two,Active,Self-Care,P-000056,Eating tolerance
SD-000422,Sampling,,Stage One,Active,Learning to Learn,P-000163,Reinforcement Development
SD-000185,Generalised,,Stage One,Active,Learning to Learn,P-000151,Proximity tolerance
SD-000188,Generalised,,Stage One,Active,Learning to Learn,P-000032,Come Here
SD-000240,Item for person not attending,,Stage Two,Active,Conversation,P-000076,Getting attention
SD-000296,Parent leaves (inside),,Stage One,Active,Learning to Learn,P-000206,Tolerance to Parents Leaving
SD-000472,Tolerance,,Stage One,Active,Self-Care,P-000221,Washing hands tolerance
SD-000268,Matching,,Stage One,Active,Matching,P-000005,Animal Matching
SD-000251,Mand,,Stage One,Active,Communication,P-000185,Songs
SD-000252,Mand,,Stage One,Active,Communication,P-000020,Books
SD-000493,Visual,,Stage One,Active,Matching,P-000078,Give me same
SD-000030,Book w model,,Stage Two,Active,Expressive Language,P-000062,Expressive labels exposure
SD-000031,Book w/o model,,Stage Two,Active,Expressive Language,P-000062,Expressive labels exposure
SD-000492,Visual,,Stage Two,Active,Expressive Language,P-000062,Expressive labels exposure
SD-000491,Visual,,Stage Two,Active,Expressive Language,P-000148,Proloquo2go people
SD-000243,Labels exposure,,Stage One,Active,Receptive Language,P-000146,Proloquo2go commenting
SD-000057,Communication opportunity,,Stage One,Active,Communication,P-000143,Proloquo requests
SD-000024,Activity,,Stage Two,Active,Play Skills,P-000008,Arts and Crafts
SD-000473,Tolerance,,Stage Two,Active,Self-Care,P-000088,Hat tolerance
SD-000114,Exposure,,Stage One,Active,Speech,P-000124,Oral Motor
SD-000393,Receptive,,Stage Two,Active,Play Skills,P-000006,Animal Sounds
SD-000181,From Play,,Stage One,Active,Learning to Learn,P-000032,Come Here
SD-000118,Exposure,,Stage One,Active,Receptive Language,P-000060,Exposure
SD-000187,Generalised,,Stage One,Active,Matching,P-000186,Sorting
SD-000115,Exposure,,Stage Two,Active,Speech,P-000007,Articulation Modelling
SD-000421,Safe Throwing Activity,,Stage One,Active,Receptive Language,P-000152,Put It Down
SD-000306,Planned model,,Stage Two,Active,Imitation,P-000138,Precision NVI
SD-000275,Model,,Stage One,Active,Communication,P-000034,Communication Temptation
SD-000523,Written Word,,Stage One,Active,Receptive Language,P-000022,Bring Me
SD-000016,Action with object,,Stage One,Active,Imitation,P-000113,Non Verbal Imitation (NVI)
SD-000189,Generalised SD,,Stage Two,Active,Kinder Readiness,P-000073,Generalisation
SD-000175,Expressive visual only,,Stage Two,Active,Expressive Language,P-000061,Expressive Labels
SD-000080,Exp. I/You (who),,Stage Three,Active,Abstract Concepts,P-000150,Pronouns
SD-000079,Exp. I/you (what),,Stage Three,Active,Abstract Concepts,P-000150,Pronouns
SD-000470,Tolerance,,Stage Two,Active,Self-Care,P-000012,Bathroom tolerance
SD-000190,Getting attention,,Stage One,Active,Communication,P-000034,Communication Temptation
SD-000019,Activity,,Stage Two,Active,Self-Care,P-000045,Daily living skills
SD-000156,Expressive,,Stage Two,Active,Expressive Language,P-000104,Language exposure
SD-000277,Model language,,Stage One,Active,Receptive Language,P-000104,Language exposure
SD-000279,Model sentence,,Stage Three,Active,Language,P-000104,Language exposure
SD-000278,Model rule,,Stage Three,Active,Abstract Concepts,P-000181,Social rules
SD-000047,Colour,,Stage One,Active,Matching,P-000001,2D Matching
SD-000435,Shape,,Stage One,Active,Matching,P-000001,2D Matching
SD-000048,Colour/shape,,Stage One,Active,Matching,P-000001,2D Matching
SD-000117,Exposure,,Stage One,Active,Receptive Language,P-000107,Locations
SD-000504,Volume,,Stage Three,Active,Speech,P-000212,Verbal Imitation (VI)
SD-000453,Stay,,Stage Two,Active,Community Access,P-000219,Walk with me
SD-000506,Wait w/o visual,,Stage Two,Active,Learning to Learn,P-000217,Wait tolerance
SD-000405,Receptive/expressive,,Stage Two,Active,Receptive Language,P-000129,People
SD-000483,Unplanned model with toy,,Stage Two,Active,Imitation,P-000134,Play Imitation
SD-000459,TA's turn,,Stage Two,Active,Learning to Learn,P-000155,Reading tolerance
SD-000452,Statement in play,,Stage Three,Active,Conversation,P-000160,Reciprocal statements
SD-000209,I have,,Stage Three,Active,Conversation,P-000160,Reciprocal statements
SD-000280,Moderately preferred item,,Stage Two,Active,Social Play Skills,P-000210,Turn Taking
SD-000469,Tolerance,,Stage Two,Active,Self-Care,P-000202,Toilet tolerance
SD-000447,Statement,,Stage Three,Active,Conversation,P-000043,Conversation
SD-000346,Question,,Stage Three,Active,Conversation,P-000043,Conversation
SD-000406,Receptive/expressive,,Stage Two,Active,Expressive Language,P-000071,Functions
SD-000042,Chart,,Stage Three,Active,School Readiness,P-000167,Reward Chart
SD-000480,Tracing,,Stage Two,Active,Kinder Readiness,P-000008,Arts and Crafts
SD-000404,Receptive w/ objects,,Stage Two,Active,Conversation,P-000026,Choices
SD-000177,Expressive/Receptive,,Stage Two,Active,Conversation,P-000026,Choices
SD-000242,Item with visual,,Stage One,Active,Receptive Language,P-000022,Bring Me
SD-000329,Proloquo,,Stage Two,Active,Conversation,P-000026,Choices
SD-000318,Point in direction,,Stage Two,Active,Learning to Learn,P-000102,Joint Attention
SD-000063,Cutting and Pasting Activity,,Stage Two,Active,Play Skills,P-000008,Arts and Crafts
SD-000205,Holding hands tolerance,,Stage Two,Active,Community Access,P-000219,Walk with me
SD-000191,Getting dressed,,Stage Two,Active,Self-Care,P-000077,Getting dressed
SD-000495,Visual,,,Active,,P-000067,Finished
SD-000503,Volume,,,Active,,P-000149,Proloquo2go Tolerance
SD-000517,Without Items,,,Active,,P-000141,Pretend
SD-000269,Matching,,,Active,,P-000018,Body Parts
SD-000014,Action,,,Active,,P-000050,Do vs Don't
SD-000455,Sustained sound,,Stage Two,Active,Speech,P-000212,Verbal Imitation (VI)
SD-000496,Visual,,,Active,,P-000145,Proloquo2go Colour/shape
SD-000394,Receptive,,Stage Two,Active,Receptive Language,P-000028,Colour/Item
SD-000077,Engage In Strategy,,,Active,,P-000235,Zones of regulation
SD-000395,Receptive,,Stage Two,Active,Receptive Language,P-000130,People actions
SD-000119,Exposure,,Stage One,Active,Learning to Learn,P-000195,Table and chair exposure
SD-000439,Snack,,Stage One,Active,Learning to Learn,P-000178,Snack Time
SD-000044,Child Guessing,,,Active,,P-000087,Guess
SD-000074,Emotions Brainstorming,,,Active,,P-000040,Contextual emotions
SD-000423,Say,,,Active,,P-000050,Do vs Don't
SD-000059,Contextual Instruction,,Stage One,Active,,P-000125,Packing up
SD-000497,Visual - 2D,,Stage Two,Active,Expressive Language,P-000062,Expressive labels exposure
SD-000498,Visual - 3D,,Stage Two,Active,Expressive Language,P-000062,Expressive labels exposure
SD-000396,Receptive,,Stage Two,Active,Receptive Language,P-000072,Gender
SD-000155,Expressive,,Stage Two,Active,Expressive Language,P-000072,Gender
SD-000397,Receptive,,Stage Three,Active,Receptive Language,P-000089,His/her
SD-000025,Activity,,Stage One,Active,Play Skills,P-000097,Independent play
SD-000297,Parents leave (outside),,Stage One,Active,Learning to Learn,P-000206,Tolerance to Parents Leaving
SD-000093,EXPOSURE,,Stage One,Active,Communication,P-000147,Proloquo2go Exposure
SD-000271,Meal,,,Active,,P-000178,Snack Time
SD-000157,Expressive - Intra-verbal,,Stage Two,Active,Expressive Language,P-000025,Categories
SD-000250,Losing,,,Active,,P-000205,Tolerance
SD-000120,Expressive,,Stage Two,Active,Expressive Language,P-000130,People actions
SD-000407,Reciprocal,,,Active,,P-000171,Say vs. do
SD-000072,Drawing,,,Active,,P-000008,Arts and Crafts
SD-000281,Move back,,Stage Two,Active,Receptive Language,P-000112,Move back
SD-000273,missing component w/ visual,,,Active,,P-000223,What's missing?
SD-000282,Next,,,Active,,P-000139,Predicting
SD-000502,Visual exchange,,Stage One,Active,Communication,P-000034,Communication Temptation
SD-000121,Expressive,,,Active,,P-000028,Colour/Item
SD-000316,PLQ Mand,,Stage One,Active,Communication,P-000185,Songs
SD-000314,PLQ Intraverbal,,Stage Two,Active,Expressive Language,P-000185,Songs
SD-000315,PLQ Mand,,Stage Two,Active,Expressive Language,P-000004,Actions
SD-000225,In Sight,Tolerance,Stage One,Active,,P-000093,I'll be back
SD-000293,Out of sight,,,Active,,P-000093,I'll be back
SD-000467,Tolerance,,,Active,,P-000192,Sticker Tolerance
SD-000468,Tolerance,,,Active,,P-000173,Self Help
SD-000092,Exposure,,,Active,,P-000057,Emotions
SD-000094,Exposure,,Stage Two,Active,Receptive Language,P-000121,Occupations
SD-000486,Verbal Imitation,,Stage Two,Active,Imitation,P-000061,Expressive Labels
SD-000507,Walk properly,,Stage Two,Active,Community Access,P-000218,Walk properly
SD-000071,Draw,,,Active,,P-000052,Drawing
SD-000274,Missing item,,Stage Two,Active,,P-000172,Searching
SD-000161,Expressive 3rd person,,Stage Two,Active,Expressive Language,P-000004,Actions
SD-000095,Exposure,,,Active,,P-000227,Why/because
SD-000096,Exposure,,Stage Two,Active,Abstract Concepts,P-000140,Prepositions
SD-000028,Analogue,,Stage Three,Active,Abstract Concepts,P-000199,Time
SD-000068,Digital,,Stage Three,Active,Abstract Concepts,P-000199,Time
,Expressive,,,Active,,P-000211,Typing
,Weekly Schedule,,,Active,,P-000225,When
,Receptive,,Stage Two,Active,Receptive Language,P-000123,Opposites
,Therapist choice,,Stage One,Active,Play Skills,P-000133,Play Flexibility
,Exposure,,,Active,,P-000040,Contextual emotions
,TA GIVES CLUES,,,Active,,,Treasure Hunt
,CHILD GIVES CLUES,,,Active,,,Treasure Hunt
,Tolerance,,Stage One,Active,Play Skills,P-000020,Books
,Exposure,,,Active,,,Social stories
,Expressive,,Stage Two,Active,Expressive Language,,Proloquo2go Body parts
,TA Moves Away,,,Active,,,Independent Tasks
,Matching,,Stage Three,Active,School Readiness,,Draw Line to Same
,What's that from?,,Stage Four,Active,Conversation,,What's that from?
,Visual,,Stage One,Active,Learning to Learn,,Pause
,Eating own food,,Stage Two,Active,Community Access,,Table manners
,Using cutlery,,Stage Three,Active,Self-Care,,Table manners
,BRAINSTORM,,,Active,,P-000131,Phonics
,Exp Gender,,,Active,,P-000150,Pronouns
,DISCUSSION,,,Active,,,Location Rules
,School bag,,Stage Three,Active,Self-Care,,Managing school bag
,Exposure,,Stage Three,Active,Abstract Concepts,,Body Check Ring
,Lining up,,Stage Four,Active,School Readiness,,Lining up
,Walking in line,,Stage Four,Active,School Readiness,,Lining up
,Imitation,,Stage One,Active,Learning to Learn,P-000162,Reinforcement Contingency
,Tolerance,,Stage One,Active,Self-Care,,Hair Tolerance
,Communication Opportunity,,Stage One,Active,Communication,,LAMP
,Sorting,,Stage Three,Active,Abstract Concepts,,Green vs Red Choice
,Exposure,,Stage Two,Active,Play Skills,,Co-operative Play
,Independent,,Stage One,Active,Play Skills,P-000132,Play Development
,Exposure,,Stage One,Active,Play Skills,P-000132,Play Development
,Exposure,,Stage One,Active,Play Skills,P-000185,Songs
,Independent,,Stage One,Active,Play Skills,P-000185,Songs
,Independent,,Stage Two,Active,Play Skills,,Co-operative Play
,Brainstorming,,Stage Four,Active,Expressive reasoning,,Green vs Red Choice
,Sorting,,Stage Three,Active,Self-Care,P-000018,Body Parts
,Exposure,,Stage Four,Active,Expressive reasoning,,Green vs Red Choice
,Verbal,,Stage One,Active,Learning to Learn,,Pause
,Exposure,,Stage One,Active,Self-Care,P-000070,Food tolerance